file,line,type,commit,author,date,time,timezone,datetime,depth,length
styles.css,1,css,e092769c,Siddhu-S,2025-11-08,04:03:47,-08:00,2025-11-08T04:03:47-08:00,0,4
styles.css,2,css,e092769c,Siddhu-S,2025-11-08,04:03:47,-08:00,2025-11-08T04:03:47-08:00,1,23
styles.css,3,css,e092769c,Siddhu-S,2025-11-08,04:03:47,-08:00,2025-11-08T04:03:47-08:00,1,17
styles.css,4,css,e092769c,Siddhu-S,2025-11-08,04:03:47,-08:00,2025-11-08T04:03:47-08:00,1,16
styles.css,5,css,e092769c,Siddhu-S,2025-11-08,04:03:47,-08:00,2025-11-08T04:03:47-08:00,1,31
styles.css,6,css,e092769c,Siddhu-S,2025-11-08,04:03:47,-08:00,2025-11-08T04:03:47-08:00,1,32
styles.css,7,css,e092769c,Siddhu-S,2025-11-08,04:03:47,-08:00,2025-11-08T04:03:47-08:00,0,0
styles.css,8,css,e092769c,Siddhu-S,2025-11-08,04:03:47,-08:00,2025-11-08T04:03:47-08:00,0,0
styles.css,9,css,a0c876f1,Siddhu-S,2025-10-03,18:46:29,-07:00,2025-10-03T18:46:29-07:00,0,4
styles.css,10,css,a0c876f1,Siddhu-S,2025-10-03,18:46:29,-07:00,2025-10-03T18:46:29-07:00,1,23
styles.css,11,css,e092769c,Siddhu-S,2025-11-08,04:03:47,-08:00,2025-11-08T04:03:47-08:00,1,15
styles.css,12,css,e092769c,Siddhu-S,2025-11-08,04:03:47,-08:00,2025-11-08T04:03:47-08:00,1,18
styles.css,13,css,e092769c,Siddhu-S,2025-11-08,04:03:47,-08:00,2025-11-08T04:03:47-08:00,1,12
styles.css,14,css,e092769c,Siddhu-S,2025-11-08,04:03:47,-08:00,2025-11-08T04:03:47-08:00,0,0
styles.css,15,css,e092769c,Siddhu-S,2025-11-08,04:03:47,-08:00,2025-11-08T04:03:47-08:00,0,0
styles.css,16,css,e092769c,Siddhu-S,2025-11-08,04:03:47,-08:00,2025-11-08T04:03:47-08:00,0,3
styles.css,17,css,e092769c,Siddhu-S,2025-11-08,04:03:47,-08:00,2025-11-08T04:03:47-08:00,1,12
styles.css,18,css,e092769c,Siddhu-S,2025-11-08,04:03:47,-08:00,2025-11-08T04:03:47-08:00,1,41
styles.css,19,css,e092769c,Siddhu-S,2025-11-08,04:03:47,-08:00,2025-11-08T04:03:47-08:00,1,17
styles.css,20,css,e092769c,Siddhu-S,2025-11-08,04:03:47,-08:00,2025-11-08T04:03:47-08:00,0,0
styles.css,21,css,e092769c,Siddhu-S,2025-11-08,04:03:47,-08:00,2025-11-08T04:03:47-08:00,0,0
styles.css,22,css,e092769c,Siddhu-S,2025-11-08,04:03:47,-08:00,2025-11-08T04:03:47-08:00,0,5
styles.css,23,css,e092769c,Siddhu-S,2025-11-08,04:03:47,-08:00,2025-11-08T04:03:47-08:00,1,6
styles.css,24,css,e092769c,Siddhu-S,2025-11-08,04:03:47,-08:00,2025-11-08T04:03:47-08:00,1,17
styles.css,25,css,e092769c,Siddhu-S,2025-11-08,04:03:47,-08:00,2025-11-08T04:03:47-08:00,1,20
styles.css,26,css,e092769c,Siddhu-S,2025-11-08,04:03:47,-08:00,2025-11-08T04:03:47-08:00,1,13
styles.css,27,css,e092769c,Siddhu-S,2025-11-08,04:03:47,-08:00,2025-11-08T04:03:47-08:00,1,13
styles.css,28,css,e092769c,Siddhu-S,2025-11-08,04:03:47,-08:00,2025-11-08T04:03:47-08:00,1,16
styles.css,29,css,e092769c,Siddhu-S,2025-11-08,04:03:47,-08:00,2025-11-08T04:03:47-08:00,0,0
styles.css,30,css,e092769c,Siddhu-S,2025-11-08,04:03:47,-08:00,2025-11-08T04:03:47-08:00,0,0
styles.css,31,css,e092769c,Siddhu-S,2025-11-08,04:03:47,-08:00,2025-11-08T04:03:47-08:00,0,13
styles.css,32,css,e092769c,Siddhu-S,2025-11-08,04:03:47,-08:00,2025-11-08T04:03:47-08:00,1,43
styles.css,33,css,e092769c,Siddhu-S,2025-11-08,04:03:47,-08:00,2025-11-08T04:03:47-08:00,1,20
styles.css,34,css,e092769c,Siddhu-S,2025-11-08,04:03:47,-08:00,2025-11-08T04:03:47-08:00,1,16
styles.css,35,css,e092769c,Siddhu-S,2025-11-08,04:03:47,-08:00,2025-11-08T04:03:47-08:00,0,0
styles.css,36,css,e092769c,Siddhu-S,2025-11-08,04:03:47,-08:00,2025-11-08T04:03:47-08:00,0,0
styles.css,37,css,e092769c,Siddhu-S,2025-11-08,04:03:47,-08:00,2025-11-08T04:03:47-08:00,0,11
styles.css,38,css,e092769c,Siddhu-S,2025-11-08,04:03:47,-08:00,2025-11-08T04:03:47-08:00,1,45
styles.css,39,css,e092769c,Siddhu-S,2025-11-08,04:03:47,-08:00,2025-11-08T04:03:47-08:00,1,57
styles.css,40,css,e092769c,Siddhu-S,2025-11-08,04:03:47,-08:00,2025-11-08T04:03:47-08:00,0,0
styles.css,41,css,e092769c,Siddhu-S,2025-11-08,04:03:47,-08:00,2025-11-08T04:03:47-08:00,0,0
styles.css,42,css,e092769c,Siddhu-S,2025-11-08,04:03:47,-08:00,2025-11-08T04:03:47-08:00,0,23
styles.css,43,css,e092769c,Siddhu-S,2025-11-08,04:03:47,-08:00,2025-11-08T04:03:47-08:00,1,12
styles.css,44,css,e092769c,Siddhu-S,2025-11-08,04:03:47,-08:00,2025-11-08T04:03:47-08:00,0,0
styles.css,45,css,e092769c,Siddhu-S,2025-11-08,04:03:47,-08:00,2025-11-08T04:03:47-08:00,0,0
styles.css,46,css,e092769c,Siddhu-S,2025-11-08,04:03:47,-08:00,2025-11-08T04:03:47-08:00,0,50
styles.css,47,css,e092769c,Siddhu-S,2025-11-08,04:03:47,-08:00,2025-11-08T04:03:47-08:00,1,13
styles.css,48,css,e092769c,Siddhu-S,2025-11-08,04:03:47,-08:00,2025-11-08T04:03:47-08:00,1,10
styles.css,49,css,e092769c,Siddhu-S,2025-11-08,04:03:47,-08:00,2025-11-08T04:03:47-08:00,1,21
styles.css,50,css,e092769c,Siddhu-S,2025-11-08,04:03:47,-08:00,2025-11-08T04:03:47-08:00,1,18
styles.css,51,css,e092769c,Siddhu-S,2025-11-08,04:03:47,-08:00,2025-11-08T04:03:47-08:00,0,0
styles.css,52,css,e092769c,Siddhu-S,2025-11-08,04:03:47,-08:00,2025-11-08T04:03:47-08:00,0,0
styles.css,53,css,e092769c,Siddhu-S,2025-11-08,04:03:47,-08:00,2025-11-08T04:03:47-08:00,0,9
styles.css,54,css,e092769c,Siddhu-S,2025-11-08,04:03:47,-08:00,2025-11-08T04:03:47-08:00,1,12
styles.css,55,css,e092769c,Siddhu-S,2025-11-08,04:03:47,-08:00,2025-11-08T04:03:47-08:00,1,58
styles.css,56,css,e092769c,Siddhu-S,2025-11-08,04:03:47,-08:00,2025-11-08T04:03:47-08:00,1,10
styles.css,57,css,e092769c,Siddhu-S,2025-11-08,04:03:47,-08:00,2025-11-08T04:03:47-08:00,1,17
styles.css,58,css,e092769c,Siddhu-S,2025-11-08,04:03:47,-08:00,2025-11-08T04:03:47-08:00,1,15
styles.css,59,css,e092769c,Siddhu-S,2025-11-08,04:03:47,-08:00,2025-11-08T04:03:47-08:00,0,0
styles.css,60,css,e092769c,Siddhu-S,2025-11-08,04:03:47,-08:00,2025-11-08T04:03:47-08:00,0,0
styles.css,61,css,e092769c,Siddhu-S,2025-11-08,04:03:47,-08:00,2025-11-08T04:03:47-08:00,0,17
styles.css,62,css,e092769c,Siddhu-S,2025-11-08,04:03:47,-08:00,2025-11-08T04:03:47-08:00,1,33
styles.css,63,css,e092769c,Siddhu-S,2025-11-08,04:03:47,-08:00,2025-11-08T04:03:47-08:00,1,42
styles.css,64,css,e092769c,Siddhu-S,2025-11-08,04:03:47,-08:00,2025-11-08T04:03:47-08:00,1,17
styles.css,65,css,e092769c,Siddhu-S,2025-11-08,04:03:47,-08:00,2025-11-08T04:03:47-08:00,1,12
styles.css,66,css,e092769c,Siddhu-S,2025-11-08,04:03:47,-08:00,2025-11-08T04:03:47-08:00,1,36
styles.css,67,css,e092769c,Siddhu-S,2025-11-08,04:03:47,-08:00,2025-11-08T04:03:47-08:00,1,17
styles.css,68,css,e092769c,Siddhu-S,2025-11-08,04:03:47,-08:00,2025-11-08T04:03:47-08:00,0,0
styles.css,69,css,e092769c,Siddhu-S,2025-11-08,04:03:47,-08:00,2025-11-08T04:03:47-08:00,0,0
styles.css,70,css,e092769c,Siddhu-S,2025-11-08,04:03:47,-08:00,2025-11-08T04:03:47-08:00,0,13
styles.css,71,css,e092769c,Siddhu-S,2025-11-08,04:03:47,-08:00,2025-11-08T04:03:47-08:00,1,14
styles.css,72,css,e092769c,Siddhu-S,2025-11-08,04:03:47,-08:00,2025-11-08T04:03:47-08:00,1,11
styles.css,73,css,e092769c,Siddhu-S,2025-11-08,04:03:47,-08:00,2025-11-08T04:03:47-08:00,1,17
styles.css,74,css,e092769c,Siddhu-S,2025-11-08,04:03:47,-08:00,2025-11-08T04:03:47-08:00,1,16
styles.css,75,css,e092769c,Siddhu-S,2025-11-08,04:03:47,-08:00,2025-11-08T04:03:47-08:00,0,0
styles.css,76,css,e092769c,Siddhu-S,2025-11-08,04:03:47,-08:00,2025-11-08T04:03:47-08:00,0,0
styles.css,77,css,e092769c,Siddhu-S,2025-11-08,04:03:47,-08:00,2025-11-08T04:03:47-08:00,0,18
styles.css,78,css,e092769c,Siddhu-S,2025-11-08,04:03:47,-08:00,2025-11-08T04:03:47-08:00,1,14
styles.css,79,css,e092769c,Siddhu-S,2025-11-08,04:03:47,-08:00,2025-11-08T04:03:47-08:00,1,16
styles.css,80,css,e092769c,Siddhu-S,2025-11-08,04:03:47,-08:00,2025-11-08T04:03:47-08:00,1,16
styles.css,81,css,e092769c,Siddhu-S,2025-11-08,04:03:47,-08:00,2025-11-08T04:03:47-08:00,0,0
styles.css,82,css,e092769c,Siddhu-S,2025-11-08,04:03:47,-08:00,2025-11-08T04:03:47-08:00,0,0
styles.css,83,css,e092769c,Siddhu-S,2025-11-08,04:03:47,-08:00,2025-11-08T04:03:47-08:00,0,7
styles.css,84,css,e092769c,Siddhu-S,2025-11-08,04:03:47,-08:00,2025-11-08T04:03:47-08:00,1,15
styles.css,85,css,e092769c,Siddhu-S,2025-11-08,04:03:47,-08:00,2025-11-08T04:03:47-08:00,1,9
styles.css,86,css,e092769c,Siddhu-S,2025-11-08,04:03:47,-08:00,2025-11-08T04:03:47-08:00,1,15
styles.css,87,css,e092769c,Siddhu-S,2025-11-08,04:03:47,-08:00,2025-11-08T04:03:47-08:00,1,12
styles.css,88,css,e092769c,Siddhu-S,2025-11-08,04:03:47,-08:00,2025-11-08T04:03:47-08:00,1,8
styles.css,89,css,e092769c,Siddhu-S,2025-11-08,04:03:47,-08:00,2025-11-08T04:03:47-08:00,1,14
styles.css,90,css,e092769c,Siddhu-S,2025-11-08,04:03:47,-08:00,2025-11-08T04:03:47-08:00,1,22
styles.css,91,css,e092769c,Siddhu-S,2025-11-08,04:03:47,-08:00,2025-11-08T04:03:47-08:00,0,0
styles.css,92,css,e092769c,Siddhu-S,2025-11-08,04:03:47,-08:00,2025-11-08T04:03:47-08:00,0,0
styles.css,93,css,e092769c,Siddhu-S,2025-11-08,04:03:47,-08:00,2025-11-08T04:03:47-08:00,0,10
styles.css,94,css,e092769c,Siddhu-S,2025-11-08,04:03:47,-08:00,2025-11-08T04:03:47-08:00,1,12
styles.css,95,css,e092769c,Siddhu-S,2025-11-08,04:03:47,-08:00,2025-11-08T04:03:47-08:00,1,18
styles.css,96,css,e092769c,Siddhu-S,2025-11-08,04:03:47,-08:00,2025-11-08T04:03:47-08:00,1,10
styles.css,97,css,e092769c,Siddhu-S,2025-11-08,04:03:47,-08:00,2025-11-08T04:03:47-08:00,1,16
styles.css,98,css,e092769c,Siddhu-S,2025-11-08,04:03:47,-08:00,2025-11-08T04:03:47-08:00,0,0
styles.css,99,css,e092769c,Siddhu-S,2025-11-08,04:03:47,-08:00,2025-11-08T04:03:47-08:00,0,0
styles.css,100,css,e092769c,Siddhu-S,2025-11-08,04:03:47,-08:00,2025-11-08T04:03:47-08:00,0,15
styles.css,101,css,e092769c,Siddhu-S,2025-11-08,04:03:47,-08:00,2025-11-08T04:03:47-08:00,1,9
styles.css,102,css,e092769c,Siddhu-S,2025-11-08,04:03:47,-08:00,2025-11-08T04:03:47-08:00,1,10
styles.css,103,css,e092769c,Siddhu-S,2025-11-08,04:03:47,-08:00,2025-11-08T04:03:47-08:00,1,23
styles.css,104,css,e092769c,Siddhu-S,2025-11-08,04:03:47,-08:00,2025-11-08T04:03:47-08:00,1,17
styles.css,105,css,e092769c,Siddhu-S,2025-11-08,04:03:47,-08:00,2025-11-08T04:03:47-08:00,1,20
styles.css,106,css,e092769c,Siddhu-S,2025-11-08,04:03:47,-08:00,2025-11-08T04:03:47-08:00,0,0
styles.css,107,css,e092769c,Siddhu-S,2025-11-08,04:03:47,-08:00,2025-11-08T04:03:47-08:00,0,0
index.js,1,js,e092769c,Siddhu-S,2025-11-08,04:03:47,-08:00,2025-11-08T04:03:47-08:00,0,71
index.js,2,js,e092769c,Siddhu-S,2025-11-08,04:03:47,-08:00,2025-11-08T04:03:47-08:00,0,54
index.js,3,js,e092769c,Siddhu-S,2025-11-08,04:03:47,-08:00,2025-11-08T04:03:47-08:00,0,42
index.js,4,js,e092769c,Siddhu-S,2025-11-08,04:03:47,-08:00,2025-11-08T04:03:47-08:00,0,60
index.js,5,js,e092769c,Siddhu-S,2025-11-08,04:03:47,-08:00,2025-11-08T04:03:47-08:00,0,54
index.js,6,js,e092769c,Siddhu-S,2025-11-08,04:03:47,-08:00,2025-11-08T04:03:47-08:00,0,60
index.js,7,js,e092769c,Siddhu-S,2025-11-08,04:03:47,-08:00,2025-11-08T04:03:47-08:00,0,0
index.js,8,js,e092769c,Siddhu-S,2025-11-08,04:03:47,-08:00,2025-11-08T04:03:47-08:00,0,51
index.js,9,js,e092769c,Siddhu-S,2025-11-08,04:03:47,-08:00,2025-11-08T04:03:47-08:00,0,0
index.js,10,js,e092769c,Siddhu-S,2025-11-08,04:03:47,-08:00,2025-11-08T04:03:47-08:00,0,31
index.js,11,js,e092769c,Siddhu-S,2025-11-08,04:03:47,-08:00,2025-11-08T04:03:47-08:00,1,24
index.js,12,js,e092769c,Siddhu-S,2025-11-08,04:03:47,-08:00,2025-11-08T04:03:47-08:00,2,2
index.js,13,js,e092769c,Siddhu-S,2025-11-08,04:03:47,-08:00,2025-11-08T04:03:47-08:00,3,55
index.js,14,js,e092769c,Siddhu-S,2025-11-08,04:03:47,-08:00,2025-11-08T04:03:47-08:00,3,55
index.js,15,js,e092769c,Siddhu-S,2025-11-08,04:03:47,-08:00,2025-11-08T04:03:47-08:00,3,49
index.js,16,js,e092769c,Siddhu-S,2025-11-08,04:03:47,-08:00,2025-11-08T04:03:47-08:00,3,49
index.js,17,js,e092769c,Siddhu-S,2025-11-08,04:03:47,-08:00,2025-11-08T04:03:47-08:00,2,3
index.js,18,js,e092769c,Siddhu-S,2025-11-08,04:03:47,-08:00,2025-11-08T04:03:47-08:00,1,0
index.js,19,js,e092769c,Siddhu-S,2025-11-08,04:03:47,-08:00,2025-11-08T04:03:47-08:00,0,0
index.html,1,html,9b23881c,Siddhu-S,2025-10-03,13:19:10,-07:00,2025-10-03T13:19:10-07:00,0,13
index.html,2,html,9b23881c,Siddhu-S,2025-10-03,13:19:10,-07:00,2025-10-03T13:19:10-07:00,0,14
index.html,3,html,9b23881c,Siddhu-S,2025-10-03,13:19:10,-07:00,2025-10-03T13:19:10-07:00,0,4
index.html,4,html,9b23881c,Siddhu-S,2025-10-03,13:19:10,-07:00,2025-10-03T13:19:10-07:00,2,20
index.html,5,html,9b23881c,Siddhu-S,2025-10-03,13:19:10,-07:00,2025-10-03T13:19:10-07:00,2,68
index.html,6,html,9b23881c,Siddhu-S,2025-10-03,13:19:10,-07:00,2025-10-03T13:19:10-07:00,2,63
index.html,7,html,e5551a83,Siddhu-S,2025-10-03,19:07:49,-07:00,2025-10-03T19:07:49-07:00,2,0
index.html,8,html,a0c876f1,Siddhu-S,2025-10-03,18:46:29,-07:00,2025-10-03T18:46:29-07:00,2,39
index.html,9,html,9b23881c,Siddhu-S,2025-10-03,13:19:10,-07:00,2025-10-03T13:19:10-07:00,0,5
index.html,10,html,9b23881c,Siddhu-S,2025-10-03,13:19:10,-07:00,2025-10-03T13:19:10-07:00,0,4
index.html,11,html,e5551a83,Siddhu-S,2025-10-03,19:07:49,-07:00,2025-10-03T19:07:49-07:00,0,0
index.html,12,html,e5551a83,Siddhu-S,2025-10-03,19:07:49,-07:00,2025-10-03T19:07:49-07:00,2,28
index.html,13,html,e5551a83,Siddhu-S,2025-10-03,19:07:49,-07:00,2025-10-03T19:07:49-07:00,2,103
index.html,14,html,e5551a83,Siddhu-S,2025-10-03,19:07:49,-07:00,2025-10-03T19:07:49-07:00,2,75
index.html,15,html,e092769c,Siddhu-S,2025-11-08,04:03:47,-08:00,2025-11-08T04:03:47-08:00,2,0
index.html,16,html,e092769c,Siddhu-S,2025-11-08,04:03:47,-08:00,2025-11-08T04:03:47-08:00,2,22
index.html,17,html,e092769c,Siddhu-S,2025-11-08,04:03:47,-08:00,2025-11-08T04:03:47-08:00,2,20
index.html,18,html,e092769c,Siddhu-S,2025-11-08,04:03:47,-08:00,2025-11-08T04:03:47-08:00,0,0
index.html,19,html,e092769c,Siddhu-S,2025-11-08,04:03:47,-08:00,2025-11-08T04:03:47-08:00,2,4
index.html,20,html,e092769c,Siddhu-S,2025-11-08,04:03:47,-08:00,2025-11-08T04:03:47-08:00,2,19
index.html,21,html,e092769c,Siddhu-S,2025-11-08,04:03:47,-08:00,2025-11-08T04:03:47-08:00,2,25
index.html,22,html,e092769c,Siddhu-S,2025-11-08,04:03:47,-08:00,2025-11-08T04:03:47-08:00,4,0
index.html,23,html,e092769c,Siddhu-S,2025-11-08,04:03:47,-08:00,2025-11-08T04:03:47-08:00,2,4
index.html,24,html,e092769c,Siddhu-S,2025-11-08,04:03:47,-08:00,2025-11-08T04:03:47-08:00,0,0
index.html,25,html,e092769c,Siddhu-S,2025-11-08,04:03:47,-08:00,2025-11-08T04:03:47-08:00,0,0
index.html,26,html,e092769c,Siddhu-S,2025-11-08,04:03:47,-08:00,2025-11-08T04:03:47-08:00,2,45
index.html,27,html,e092769c,Siddhu-S,2025-11-08,04:03:47,-08:00,2025-11-08T04:03:47-08:00,2,50
index.html,28,html,9b23881c,Siddhu-S,2025-10-03,13:19:10,-07:00,2025-10-03T13:19:10-07:00,0,5
index.html,29,html,e092769c,Siddhu-S,2025-11-08,04:03:47,-08:00,2025-11-08T04:03:47-08:00,0,0
index.html,30,html,9b23881c,Siddhu-S,2025-10-03,13:19:10,-07:00,2025-10-03T13:19:10-07:00,0,5
global.js,1,js,e092769c,Siddhu-S,2025-11-08,04:03:47,-08:00,2025-11-08T04:03:47-08:00,0,25
global.js,2,js,e092769c,Siddhu-S,2025-11-08,04:03:47,-08:00,2025-11-08T04:03:47-08:00,0,0
global.js,3,js,e092769c,Siddhu-S,2025-11-08,04:03:47,-08:00,2025-11-08T04:03:47-08:00,0,41
global.js,4,js,e092769c,Siddhu-S,2025-11-08,04:03:47,-08:00,2025-11-08T04:03:47-08:00,1,52
global.js,5,js,e092769c,Siddhu-S,2025-11-08,04:03:47,-08:00,2025-11-08T04:03:47-08:00,0,0
global.js,6,js,e092769c,Siddhu-S,2025-11-08,04:03:47,-08:00,2025-11-08T04:03:47-08:00,0,0
global.js,7,js,e092769c,Siddhu-S,2025-11-08,04:03:47,-08:00,2025-11-08T04:03:47-08:00,0,11
global.js,8,js,e092769c,Siddhu-S,2025-11-08,04:03:47,-08:00,2025-11-08T04:03:47-08:00,1,35
global.js,9,js,e092769c,Siddhu-S,2025-11-08,04:03:47,-08:00,2025-11-08T04:03:47-08:00,1,39
global.js,10,js,e092769c,Siddhu-S,2025-11-08,04:03:47,-08:00,2025-11-08T04:03:47-08:00,1,38
global.js,11,js,e092769c,Siddhu-S,2025-11-08,04:03:47,-08:00,2025-11-08T04:03:47-08:00,1,37
global.js,12,js,00000000,Not Committed Yet,2025-11-08,04:56:05,-08:00,2025-11-08T04:56:05-08:00,1,34
global.js,13,js,e092769c,Siddhu-S,2025-11-08,04:03:47,-08:00,2025-11-08T04:03:47-08:00,1,54
global.js,14,js,e092769c,Siddhu-S,2025-11-08,04:03:47,-08:00,2025-11-08T04:03:47-08:00,0,0
global.js,15,js,e092769c,Siddhu-S,2025-11-08,04:03:47,-08:00,2025-11-08T04:03:47-08:00,0,0
global.js,16,js,e092769c,Siddhu-S,2025-11-08,04:03:47,-08:00,2025-11-08T04:03:47-08:00,0,15
global.js,17,js,e092769c,Siddhu-S,2025-11-08,04:03:47,-08:00,2025-11-08T04:03:47-08:00,1,70
global.js,18,js,e092769c,Siddhu-S,2025-11-08,04:03:47,-08:00,2025-11-08T04:03:47-08:00,2,3
global.js,19,js,e092769c,Siddhu-S,2025-11-08,04:03:47,-08:00,2025-11-08T04:03:47-08:00,2,14
global.js,20,js,e092769c,Siddhu-S,2025-11-08,04:03:47,-08:00,2025-11-08T04:03:47-08:00,0,0
global.js,21,js,e092769c,Siddhu-S,2025-11-08,04:03:47,-08:00,2025-11-08T04:03:47-08:00,0,59
global.js,22,js,e092769c,Siddhu-S,2025-11-08,04:03:47,-08:00,2025-11-08T04:03:47-08:00,0,0
global.js,23,js,e092769c,Siddhu-S,2025-11-08,04:03:47,-08:00,2025-11-08T04:03:47-08:00,0,40
global.js,24,js,e092769c,Siddhu-S,2025-11-08,04:03:47,-08:00,2025-11-08T04:03:47-08:00,0,25
global.js,25,js,e092769c,Siddhu-S,2025-11-08,04:03:47,-08:00,2025-11-08T04:03:47-08:00,0,0
global.js,26,js,e092769c,Siddhu-S,2025-11-08,04:03:47,-08:00,2025-11-08T04:03:47-08:00,0,22
global.js,27,js,e092769c,Siddhu-S,2025-11-08,04:03:47,-08:00,2025-11-08T04:03:47-08:00,1,42
global.js,28,js,e092769c,Siddhu-S,2025-11-08,04:03:47,-08:00,2025-11-08T04:03:47-08:00,1,53
global.js,29,js,e092769c,Siddhu-S,2025-11-08,04:03:47,-08:00,2025-11-08T04:03:47-08:00,0,0
global.js,30,js,e092769c,Siddhu-S,2025-11-08,04:03:47,-08:00,2025-11-08T04:03:47-08:00,1,36
global.js,31,js,e092769c,Siddhu-S,2025-11-08,04:03:47,-08:00,2025-11-08T04:03:47-08:00,1,15
global.js,32,js,e092769c,Siddhu-S,2025-11-08,04:03:47,-08:00,2025-11-08T04:03:47-08:00,1,22
global.js,33,js,e092769c,Siddhu-S,2025-11-08,04:03:47,-08:00,2025-11-08T04:03:47-08:00,0,0
global.js,34,js,e092769c,Siddhu-S,2025-11-08,04:03:47,-08:00,2025-11-08T04:03:47-08:00,1,16
global.js,35,js,e092769c,Siddhu-S,2025-11-08,04:03:47,-08:00,2025-11-08T04:03:47-08:00,2,43
global.js,36,js,e092769c,Siddhu-S,2025-11-08,04:03:47,-08:00,2025-11-08T04:03:47-08:00,2,15
global.js,37,js,e092769c,Siddhu-S,2025-11-08,04:03:47,-08:00,2025-11-08T04:03:47-08:00,3,27
global.js,38,js,e092769c,Siddhu-S,2025-11-08,04:03:47,-08:00,2025-11-08T04:03:47-08:00,3,63
global.js,39,js,e092769c,Siddhu-S,2025-11-08,04:03:47,-08:00,2025-11-08T04:03:47-08:00,2,39
global.js,40,js,e092769c,Siddhu-S,2025-11-08,04:03:47,-08:00,2025-11-08T04:03:47-08:00,0,0
global.js,41,js,e092769c,Siddhu-S,2025-11-08,04:03:47,-08:00,2025-11-08T04:03:47-08:00,2,52
global.js,42,js,e092769c,Siddhu-S,2025-11-08,04:03:47,-08:00,2025-11-08T04:03:47-08:00,1,0
global.js,43,js,e092769c,Siddhu-S,2025-11-08,04:03:47,-08:00,2025-11-08T04:03:47-08:00,0,0
global.js,44,js,e092769c,Siddhu-S,2025-11-08,04:03:47,-08:00,2025-11-08T04:03:47-08:00,1,38
global.js,45,js,e092769c,Siddhu-S,2025-11-08,04:03:47,-08:00,2025-11-08T04:03:47-08:00,1,15
global.js,46,js,e092769c,Siddhu-S,2025-11-08,04:03:47,-08:00,2025-11-08T04:03:47-08:00,2,18
global.js,47,js,e092769c,Siddhu-S,2025-11-08,04:03:47,-08:00,2025-11-08T04:03:47-08:00,2,17
global.js,48,js,e092769c,Siddhu-S,2025-11-08,04:03:47,-08:00,2025-11-08T04:03:47-08:00,1,0
global.js,49,js,e092769c,Siddhu-S,2025-11-08,04:03:47,-08:00,2025-11-08T04:03:47-08:00,0,0
global.js,50,js,e092769c,Siddhu-S,2025-11-08,04:03:47,-08:00,2025-11-08T04:03:47-08:00,1,12
global.js,51,js,e092769c,Siddhu-S,2025-11-08,04:03:47,-08:00,2025-11-08T04:03:47-08:00,0,0
global.js,52,js,e092769c,Siddhu-S,2025-11-08,04:03:47,-08:00,2025-11-08T04:03:47-08:00,0,0
global.js,53,js,e092769c,Siddhu-S,2025-11-08,04:03:47,-08:00,2025-11-08T04:03:47-08:00,0,36
global.js,54,js,e092769c,Siddhu-S,2025-11-08,04:03:47,-08:00,2025-11-08T04:03:47-08:00,1,3
global.js,55,js,e092769c,Siddhu-S,2025-11-08,04:03:47,-08:00,2025-11-08T04:03:47-08:00,2,32
global.js,56,js,e092769c,Siddhu-S,2025-11-08,04:03:47,-08:00,2025-11-08T04:03:47-08:00,2,20
global.js,57,js,e092769c,Siddhu-S,2025-11-08,04:03:47,-08:00,2025-11-08T04:03:47-08:00,0,0
global.js,58,js,e092769c,Siddhu-S,2025-11-08,04:03:47,-08:00,2025-11-08T04:03:47-08:00,2,17
global.js,59,js,e092769c,Siddhu-S,2025-11-08,04:03:47,-08:00,2025-11-08T04:03:47-08:00,3,66
global.js,60,js,e092769c,Siddhu-S,2025-11-08,04:03:47,-08:00,2025-11-08T04:03:47-08:00,2,0
global.js,61,js,e092769c,Siddhu-S,2025-11-08,04:03:47,-08:00,2025-11-08T04:03:47-08:00,0,0
global.js,62,js,e092769c,Siddhu-S,2025-11-08,04:03:47,-08:00,2025-11-08T04:03:47-08:00,2,33
global.js,63,js,e092769c,Siddhu-S,2025-11-08,04:03:47,-08:00,2025-11-08T04:03:47-08:00,2,10
global.js,64,js,e092769c,Siddhu-S,2025-11-08,04:03:47,-08:00,2025-11-08T04:03:47-08:00,1,15
global.js,65,js,e092769c,Siddhu-S,2025-11-08,04:03:47,-08:00,2025-11-08T04:03:47-08:00,2,59
global.js,66,js,e092769c,Siddhu-S,2025-11-08,04:03:47,-08:00,2025-11-08T04:03:47-08:00,1,0
global.js,67,js,e092769c,Siddhu-S,2025-11-08,04:03:47,-08:00,2025-11-08T04:03:47-08:00,0,0
global.js,68,js,e092769c,Siddhu-S,2025-11-08,04:03:47,-08:00,2025-11-08T04:03:47-08:00,0,0
global.js,69,js,e092769c,Siddhu-S,2025-11-08,04:03:47,-08:00,2025-11-08T04:03:47-08:00,0,79
global.js,70,js,e092769c,Siddhu-S,2025-11-08,04:03:47,-08:00,2025-11-08T04:03:47-08:00,1,43
global.js,71,js,e092769c,Siddhu-S,2025-11-08,04:03:47,-08:00,2025-11-08T04:03:47-08:00,2,60
global.js,72,js,e092769c,Siddhu-S,2025-11-08,04:03:47,-08:00,2025-11-08T04:03:47-08:00,2,5
global.js,73,js,e092769c,Siddhu-S,2025-11-08,04:03:47,-08:00,2025-11-08T04:03:47-08:00,1,0
global.js,74,js,e092769c,Siddhu-S,2025-11-08,04:03:47,-08:00,2025-11-08T04:03:47-08:00,0,0
global.js,75,js,e092769c,Siddhu-S,2025-11-08,04:03:47,-08:00,2025-11-08T04:03:47-08:00,1,30
global.js,76,js,e092769c,Siddhu-S,2025-11-08,04:03:47,-08:00,2025-11-08T04:03:47-08:00,0,0
global.js,77,js,e092769c,Siddhu-S,2025-11-08,04:03:47,-08:00,2025-11-08T04:03:47-08:00,1,31
global.js,78,js,e092769c,Siddhu-S,2025-11-08,04:03:47,-08:00,2025-11-08T04:03:47-08:00,2,48
global.js,79,js,e092769c,Siddhu-S,2025-11-08,04:03:47,-08:00,2025-11-08T04:03:47-08:00,0,0
global.js,80,js,e092769c,Siddhu-S,2025-11-08,04:03:47,-08:00,2025-11-08T04:03:47-08:00,2,19
global.js,81,js,e092769c,Siddhu-S,2025-11-08,04:03:47,-08:00,2025-11-08T04:03:47-08:00,3,49
global.js,82,js,e092769c,Siddhu-S,2025-11-08,04:03:47,-08:00,2025-11-08T04:03:47-08:00,3,75
global.js,83,js,e092769c,Siddhu-S,2025-11-08,04:03:47,-08:00,2025-11-08T04:03:47-08:00,3,24
global.js,84,js,e092769c,Siddhu-S,2025-11-08,04:03:47,-08:00,2025-11-08T04:03:47-08:00,4,27
global.js,85,js,e092769c,Siddhu-S,2025-11-08,04:03:47,-08:00,2025-11-08T04:03:47-08:00,4,66
global.js,86,js,e092769c,Siddhu-S,2025-11-08,04:03:47,-08:00,2025-11-08T04:03:47-08:00,3,4
global.js,87,js,e092769c,Siddhu-S,2025-11-08,04:03:47,-08:00,2025-11-08T04:03:47-08:00,2,0
global.js,88,js,e092769c,Siddhu-S,2025-11-08,04:03:47,-08:00,2025-11-08T04:03:47-08:00,0,0
global.js,89,js,e092769c,Siddhu-S,2025-11-08,04:03:47,-08:00,2025-11-08T04:03:47-08:00,2,36
global.js,90,js,e092769c,Siddhu-S,2025-11-08,04:03:47,-08:00,2025-11-08T04:03:47-08:00,1,0
global.js,91,js,e092769c,Siddhu-S,2025-11-08,04:03:47,-08:00,2025-11-08T04:03:47-08:00,0,0
global.js,92,js,e092769c,Siddhu-S,2025-11-08,04:03:47,-08:00,2025-11-08T04:03:47-08:00,0,0
global.js,93,js,e092769c,Siddhu-S,2025-11-08,04:03:47,-08:00,2025-11-08T04:03:47-08:00,0,47
global.js,94,js,e092769c,Siddhu-S,2025-11-08,04:03:47,-08:00,2025-11-08T04:03:47-08:00,1,59
global.js,95,js,e092769c,Siddhu-S,2025-11-08,04:03:47,-08:00,2025-11-08T04:03:47-08:00,0,0
global.js,96,js,e092769c,Siddhu-S,2025-11-08,04:03:47,-08:00,2025-11-08T04:03:47-08:00,0,0
global.js,97,js,e092769c,Siddhu-S,2025-11-08,04:03:47,-08:00,2025-11-08T04:03:47-08:00,0,47
global.js,98,js,e092769c,Siddhu-S,2025-11-08,04:03:47,-08:00,2025-11-08T04:03:47-08:00,1,3
global.js,99,js,e092769c,Siddhu-S,2025-11-08,04:03:47,-08:00,2025-11-08T04:03:47-08:00,2,71
global.js,100,js,e092769c,Siddhu-S,2025-11-08,04:03:47,-08:00,2025-11-08T04:03:47-08:00,2,17
global.js,101,js,e092769c,Siddhu-S,2025-11-08,04:03:47,-08:00,2025-11-08T04:03:47-08:00,3,58
global.js,102,js,e092769c,Siddhu-S,2025-11-08,04:03:47,-08:00,2025-11-08T04:03:47-08:00,2,0
global.js,103,js,e092769c,Siddhu-S,2025-11-08,04:03:47,-08:00,2025-11-08T04:03:47-08:00,2,33
global.js,104,js,e092769c,Siddhu-S,2025-11-08,04:03:47,-08:00,2025-11-08T04:03:47-08:00,2,10
global.js,105,js,e092769c,Siddhu-S,2025-11-08,04:03:47,-08:00,2025-11-08T04:03:47-08:00,1,15
global.js,106,js,e092769c,Siddhu-S,2025-11-08,04:03:47,-08:00,2025-11-08T04:03:47-08:00,2,50
global.js,107,js,e092769c,Siddhu-S,2025-11-08,04:03:47,-08:00,2025-11-08T04:03:47-08:00,2,10
global.js,108,js,e092769c,Siddhu-S,2025-11-08,04:03:47,-08:00,2025-11-08T04:03:47-08:00,1,0
global.js,109,js,e092769c,Siddhu-S,2025-11-08,04:03:47,-08:00,2025-11-08T04:03:47-08:00,0,0
resume/index.html,1,html,01d97a34,Siddhu-S,2025-10-03,19:33:33,-07:00,2025-10-03T19:33:33-07:00,0,13
resume/index.html,2,html,01d97a34,Siddhu-S,2025-10-03,19:33:33,-07:00,2025-10-03T19:33:33-07:00,0,14
resume/index.html,3,html,01d97a34,Siddhu-S,2025-10-03,19:33:33,-07:00,2025-10-03T19:33:33-07:00,0,4
resume/index.html,4,html,01d97a34,Siddhu-S,2025-10-03,19:33:33,-07:00,2025-10-03T19:33:33-07:00,2,20
resume/index.html,5,html,01d97a34,Siddhu-S,2025-10-03,19:33:33,-07:00,2025-10-03T19:33:33-07:00,2,68
resume/index.html,6,html,01d97a34,Siddhu-S,2025-10-03,19:33:33,-07:00,2025-10-03T19:33:33-07:00,2,19
resume/index.html,7,html,76711c7c,Siddhu-S,2025-11-08,04:03:57,-08:00,2025-11-08T04:03:57-08:00,2,42
resume/index.html,8,html,01d97a34,Siddhu-S,2025-10-03,19:33:33,-07:00,2025-10-03T19:33:33-07:00,0,5
resume/index.html,9,html,01d97a34,Siddhu-S,2025-10-03,19:33:33,-07:00,2025-10-03T19:33:33-07:00,0,4
resume/index.html,10,html,79c41bea,Siddhu-S,2025-10-03,19:39:01,-07:00,2025-10-03T19:39:01-07:00,0,0
resume/index.html,11,html,01d97a34,Siddhu-S,2025-10-03,19:33:33,-07:00,2025-10-03T19:33:33-07:00,2,37
resume/index.html,12,html,01d97a34,Siddhu-S,2025-10-03,19:33:33,-07:00,2025-10-03T19:33:33-07:00,0,0
resume/index.html,13,html,01d97a34,Siddhu-S,2025-10-03,19:33:33,-07:00,2025-10-03T19:33:33-07:00,2,7
resume/index.html,14,html,01d97a34,Siddhu-S,2025-10-03,19:33:33,-07:00,2025-10-03T19:33:33-07:00,4,16
resume/index.html,15,html,01d97a34,Siddhu-S,2025-10-03,19:33:33,-07:00,2025-10-03T19:33:33-07:00,4,7
resume/index.html,16,html,01d97a34,Siddhu-S,2025-10-03,19:33:33,-07:00,2025-10-03T19:33:33-07:00,6,42
resume/index.html,17,html,01d97a34,Siddhu-S,2025-10-03,19:33:33,-07:00,2025-10-03T19:33:33-07:00,8,69
resume/index.html,18,html,01d97a34,Siddhu-S,2025-10-03,19:33:33,-07:00,2025-10-03T19:33:33-07:00,8,95
resume/index.html,19,html,01d97a34,Siddhu-S,2025-10-03,19:33:33,-07:00,2025-10-03T19:33:33-07:00,10,87
resume/index.html,20,html,01d97a34,Siddhu-S,2025-10-03,19:33:33,-07:00,2025-10-03T19:33:33-07:00,4,8
resume/index.html,21,html,01d97a34,Siddhu-S,2025-10-03,19:33:33,-07:00,2025-10-03T19:33:33-07:00,2,8
resume/index.html,22,html,01d97a34,Siddhu-S,2025-10-03,19:33:33,-07:00,2025-10-03T19:33:33-07:00,0,0
resume/index.html,23,html,01d97a34,Siddhu-S,2025-10-03,19:33:33,-07:00,2025-10-03T19:33:33-07:00,2,7
resume/index.html,24,html,01d97a34,Siddhu-S,2025-10-03,19:33:33,-07:00,2025-10-03T19:33:33-07:00,4,23
resume/index.html,25,html,01d97a34,Siddhu-S,2025-10-03,19:33:33,-07:00,2025-10-03T19:33:33-07:00,4,2
resume/index.html,26,html,01d97a34,Siddhu-S,2025-10-03,19:33:33,-07:00,2025-10-03T19:33:33-07:00,4,80
resume/index.html,27,html,01d97a34,Siddhu-S,2025-10-03,19:33:33,-07:00,2025-10-03T19:33:33-07:00,4,57
resume/index.html,28,html,01d97a34,Siddhu-S,2025-10-03,19:33:33,-07:00,2025-10-03T19:33:33-07:00,4,47
resume/index.html,29,html,01d97a34,Siddhu-S,2025-10-03,19:33:33,-07:00,2025-10-03T19:33:33-07:00,4,3
resume/index.html,30,html,01d97a34,Siddhu-S,2025-10-03,19:33:33,-07:00,2025-10-03T19:33:33-07:00,2,8
resume/index.html,31,html,01d97a34,Siddhu-S,2025-10-03,19:33:33,-07:00,2025-10-03T19:33:33-07:00,0,0
resume/index.html,32,html,01d97a34,Siddhu-S,2025-10-03,19:33:33,-07:00,2025-10-03T19:33:33-07:00,2,7
resume/index.html,33,html,01d97a34,Siddhu-S,2025-10-03,19:33:33,-07:00,2025-10-03T19:33:33-07:00,4,22
resume/index.html,34,html,01d97a34,Siddhu-S,2025-10-03,19:33:33,-07:00,2025-10-03T19:33:33-07:00,4,7
resume/index.html,35,html,01d97a34,Siddhu-S,2025-10-03,19:33:33,-07:00,2025-10-03T19:33:33-07:00,4,40
resume/index.html,36,html,01d97a34,Siddhu-S,2025-10-03,19:33:33,-07:00,2025-10-03T19:33:33-07:00,6,110
resume/index.html,37,html,01d97a34,Siddhu-S,2025-10-03,19:33:33,-07:00,2025-10-03T19:33:33-07:00,4,2
resume/index.html,38,html,01d97a34,Siddhu-S,2025-10-03,19:33:33,-07:00,2025-10-03T19:33:33-07:00,6,111
resume/index.html,39,html,01d97a34,Siddhu-S,2025-10-03,19:33:33,-07:00,2025-10-03T19:33:33-07:00,0,20
resume/index.html,40,html,01d97a34,Siddhu-S,2025-10-03,19:33:33,-07:00,2025-10-03T19:33:33-07:00,6,108
resume/index.html,41,html,01d97a34,Siddhu-S,2025-10-03,19:33:33,-07:00,2025-10-03T19:33:33-07:00,0,39
resume/index.html,42,html,01d97a34,Siddhu-S,2025-10-03,19:33:33,-07:00,2025-10-03T19:33:33-07:00,6,113
resume/index.html,43,html,01d97a34,Siddhu-S,2025-10-03,19:33:33,-07:00,2025-10-03T19:33:33-07:00,0,13
resume/index.html,44,html,01d97a34,Siddhu-S,2025-10-03,19:33:33,-07:00,2025-10-03T19:33:33-07:00,6,102
resume/index.html,45,html,01d97a34,Siddhu-S,2025-10-03,19:33:33,-07:00,2025-10-03T19:33:33-07:00,0,39
resume/index.html,46,html,01d97a34,Siddhu-S,2025-10-03,19:33:33,-07:00,2025-10-03T19:33:33-07:00,6,103
resume/index.html,47,html,01d97a34,Siddhu-S,2025-10-03,19:33:33,-07:00,2025-10-03T19:33:33-07:00,0,26
resume/index.html,48,html,01d97a34,Siddhu-S,2025-10-03,19:33:33,-07:00,2025-10-03T19:33:33-07:00,4,3
resume/index.html,49,html,01d97a34,Siddhu-S,2025-10-03,19:33:33,-07:00,2025-10-03T19:33:33-07:00,2,8
resume/index.html,50,html,01d97a34,Siddhu-S,2025-10-03,19:33:33,-07:00,2025-10-03T19:33:33-07:00,3,8
resume/index.html,51,html,01d97a34,Siddhu-S,2025-10-03,19:33:33,-07:00,2025-10-03T19:33:33-07:00,0,0
resume/index.html,52,html,01d97a34,Siddhu-S,2025-10-03,19:33:33,-07:00,2025-10-03T19:33:33-07:00,2,7
resume/index.html,53,html,01d97a34,Siddhu-S,2025-10-03,19:33:33,-07:00,2025-10-03T19:33:33-07:00,2,15
resume/index.html,54,html,01d97a34,Siddhu-S,2025-10-03,19:33:33,-07:00,2025-10-03T19:33:33-07:00,4,7
resume/index.html,55,html,01d97a34,Siddhu-S,2025-10-03,19:33:33,-07:00,2025-10-03T19:33:33-07:00,5,29
resume/index.html,56,html,01d97a34,Siddhu-S,2025-10-03,19:33:33,-07:00,2025-10-03T19:33:33-07:00,3,2
resume/index.html,57,html,01d97a34,Siddhu-S,2025-10-03,19:33:33,-07:00,2025-10-03T19:33:33-07:00,4,107
resume/index.html,58,html,01d97a34,Siddhu-S,2025-10-03,19:33:33,-07:00,2025-10-03T19:33:33-07:00,0,26
resume/index.html,59,html,01d97a34,Siddhu-S,2025-10-03,19:33:33,-07:00,2025-10-03T19:33:33-07:00,4,114
resume/index.html,60,html,01d97a34,Siddhu-S,2025-10-03,19:33:33,-07:00,2025-10-03T19:33:33-07:00,0,4
resume/index.html,61,html,01d97a34,Siddhu-S,2025-10-03,19:33:33,-07:00,2025-10-03T19:33:33-07:00,4,98
resume/index.html,62,html,01d97a34,Siddhu-S,2025-10-03,19:33:33,-07:00,2025-10-03T19:33:33-07:00,4,100
resume/index.html,63,html,01d97a34,Siddhu-S,2025-10-03,19:33:33,-07:00,2025-10-03T19:33:33-07:00,4,96
resume/index.html,64,html,01d97a34,Siddhu-S,2025-10-03,19:33:33,-07:00,2025-10-03T19:33:33-07:00,3,3
resume/index.html,65,html,01d97a34,Siddhu-S,2025-10-03,19:33:33,-07:00,2025-10-03T19:33:33-07:00,3,8
resume/index.html,66,html,01d97a34,Siddhu-S,2025-10-03,19:33:33,-07:00,2025-10-03T19:33:33-07:00,0,0
resume/index.html,67,html,01d97a34,Siddhu-S,2025-10-03,19:33:33,-07:00,2025-10-03T19:33:33-07:00,0,0
resume/index.html,68,html,01d97a34,Siddhu-S,2025-10-03,19:33:33,-07:00,2025-10-03T19:33:33-07:00,2,7
resume/index.html,69,html,01d97a34,Siddhu-S,2025-10-03,19:33:33,-07:00,2025-10-03T19:33:33-07:00,3,43
resume/index.html,70,html,01d97a34,Siddhu-S,2025-10-03,19:33:33,-07:00,2025-10-03T19:33:33-07:00,5,105
resume/index.html,71,html,01d97a34,Siddhu-S,2025-10-03,19:33:33,-07:00,2025-10-03T19:33:33-07:00,0,49
resume/index.html,72,html,01d97a34,Siddhu-S,2025-10-03,19:33:33,-07:00,2025-10-03T19:33:33-07:00,5,108
resume/index.html,73,html,01d97a34,Siddhu-S,2025-10-03,19:33:33,-07:00,2025-10-03T19:33:33-07:00,0,78
resume/index.html,74,html,01d97a34,Siddhu-S,2025-10-03,19:33:33,-07:00,2025-10-03T19:33:33-07:00,5,112
resume/index.html,75,html,01d97a34,Siddhu-S,2025-10-03,19:33:33,-07:00,2025-10-03T19:33:33-07:00,5,3
resume/index.html,76,html,01d97a34,Siddhu-S,2025-10-03,19:33:33,-07:00,2025-10-03T19:33:33-07:00,3,8
resume/index.html,77,html,01d97a34,Siddhu-S,2025-10-03,19:33:33,-07:00,2025-10-03T19:33:33-07:00,2,8
resume/index.html,78,html,76711c7c,Siddhu-S,2025-11-08,04:03:57,-08:00,2025-11-08T04:03:57-08:00,0,48
resume/index.html,79,html,01d97a34,Siddhu-S,2025-10-03,19:33:33,-07:00,2025-10-03T19:33:33-07:00,0,5
resume/index.html,80,html,01d97a34,Siddhu-S,2025-10-03,19:33:33,-07:00,2025-10-03T19:33:33-07:00,0,5
projects/projects.js,1,js,76711c7c,Siddhu-S,2025-11-08,04:03:57,-08:00,2025-11-08T04:03:57-08:00,0,55
projects/projects.js,2,js,76711c7c,Siddhu-S,2025-11-08,04:03:57,-08:00,2025-11-08T04:03:57-08:00,0,63
projects/projects.js,3,js,76711c7c,Siddhu-S,2025-11-08,04:03:57,-08:00,2025-11-08T04:03:57-08:00,0,0
projects/projects.js,4,js,76711c7c,Siddhu-S,2025-11-08,04:03:57,-08:00,2025-11-08T04:03:57-08:00,0,55
projects/projects.js,5,js,76711c7c,Siddhu-S,2025-11-08,04:03:57,-08:00,2025-11-08T04:03:57-08:00,0,60
projects/projects.js,6,js,76711c7c,Siddhu-S,2025-11-08,04:03:57,-08:00,2025-11-08T04:03:57-08:00,0,48
projects/projects.js,7,js,76711c7c,Siddhu-S,2025-11-08,04:03:57,-08:00,2025-11-08T04:03:57-08:00,0,0
projects/projects.js,8,js,76711c7c,Siddhu-S,2025-11-08,04:03:57,-08:00,2025-11-08T04:03:57-08:00,0,42
projects/projects.js,9,js,2be57fe4,Siddhu-S,2025-11-08,04:35:50,-08:00,2025-11-08T04:35:50-08:00,0,34
projects/projects.js,10,js,2be57fe4,Siddhu-S,2025-11-08,04:35:50,-08:00,2025-11-08T04:35:50-08:00,0,0
projects/projects.js,11,js,2be57fe4,Siddhu-S,2025-11-08,04:35:50,-08:00,2025-11-08T04:35:50-08:00,0,49
projects/projects.js,12,js,2be57fe4,Siddhu-S,2025-11-08,04:35:50,-08:00,2025-11-08T04:35:50-08:00,0,0
projects/projects.js,13,js,2be57fe4,Siddhu-S,2025-11-08,04:35:50,-08:00,2025-11-08T04:35:50-08:00,0,33
projects/projects.js,14,js,2be57fe4,Siddhu-S,2025-11-08,04:35:50,-08:00,2025-11-08T04:35:50-08:00,1,68
projects/projects.js,15,js,2be57fe4,Siddhu-S,2025-11-08,04:35:50,-08:00,2025-11-08T04:35:50-08:00,1,72
projects/projects.js,16,js,2be57fe4,Siddhu-S,2025-11-08,04:35:50,-08:00,2025-11-08T04:35:50-08:00,0,0
projects/projects.js,17,js,2be57fe4,Siddhu-S,2025-11-08,04:35:50,-08:00,2025-11-08T04:35:50-08:00,0,0
projects/projects.js,18,js,2be57fe4,Siddhu-S,2025-11-08,04:35:50,-08:00,2025-11-08T04:35:50-08:00,0,32
projects/projects.js,19,js,2be57fe4,Siddhu-S,2025-11-08,04:35:50,-08:00,2025-11-08T04:35:50-08:00,1,26
projects/projects.js,20,js,2be57fe4,Siddhu-S,2025-11-08,04:35:50,-08:00,2025-11-08T04:35:50-08:00,1,29
projects/projects.js,21,js,2be57fe4,Siddhu-S,2025-11-08,04:35:50,-08:00,2025-11-08T04:35:50-08:00,0,0
projects/projects.js,22,js,2be57fe4,Siddhu-S,2025-11-08,04:35:50,-08:00,2025-11-08T04:35:50-08:00,1,36
projects/projects.js,23,js,2be57fe4,Siddhu-S,2025-11-08,04:35:50,-08:00,2025-11-08T04:35:50-08:00,1,28
projects/projects.js,24,js,2be57fe4,Siddhu-S,2025-11-08,04:35:50,-08:00,2025-11-08T04:35:50-08:00,0,0
projects/projects.js,25,js,2be57fe4,Siddhu-S,2025-11-08,04:35:50,-08:00,2025-11-08T04:35:50-08:00,1,50
projects/projects.js,26,js,2be57fe4,Siddhu-S,2025-11-08,04:35:50,-08:00,2025-11-08T04:35:50-08:00,1,35
projects/projects.js,27,js,2be57fe4,Siddhu-S,2025-11-08,04:35:50,-08:00,2025-11-08T04:35:50-08:00,1,59
projects/projects.js,28,js,2be57fe4,Siddhu-S,2025-11-08,04:35:50,-08:00,2025-11-08T04:35:50-08:00,0,0
projects/projects.js,29,js,2be57fe4,Siddhu-S,2025-11-08,04:35:50,-08:00,2025-11-08T04:35:50-08:00,1,27
projects/projects.js,30,js,2be57fe4,Siddhu-S,2025-11-08,04:35:50,-08:00,2025-11-08T04:35:50-08:00,2,16
projects/projects.js,31,js,2be57fe4,Siddhu-S,2025-11-08,04:35:50,-08:00,2025-11-08T04:35:50-08:00,3,25
projects/projects.js,32,js,2be57fe4,Siddhu-S,2025-11-08,04:35:50,-08:00,2025-11-08T04:35:50-08:00,3,25
projects/projects.js,33,js,2be57fe4,Siddhu-S,2025-11-08,04:35:50,-08:00,2025-11-08T04:35:50-08:00,1,1
projects/projects.js,34,js,2be57fe4,Siddhu-S,2025-11-08,04:35:50,-08:00,2025-11-08T04:35:50-08:00,0,0
projects/projects.js,35,js,2be57fe4,Siddhu-S,2025-11-08,04:35:50,-08:00,2025-11-08T04:35:50-08:00,1,24
projects/projects.js,36,js,2be57fe4,Siddhu-S,2025-11-08,04:35:50,-08:00,2025-11-08T04:35:50-08:00,2,17
projects/projects.js,37,js,2be57fe4,Siddhu-S,2025-11-08,04:35:50,-08:00,2025-11-08T04:35:50-08:00,3,38
projects/projects.js,38,js,2be57fe4,Siddhu-S,2025-11-08,04:35:50,-08:00,2025-11-08T04:35:50-08:00,3,28
projects/projects.js,39,js,2be57fe4,Siddhu-S,2025-11-08,04:35:50,-08:00,2025-11-08T04:35:50-08:00,3,69
projects/projects.js,40,js,2be57fe4,Siddhu-S,2025-11-08,04:35:50,-08:00,2025-11-08T04:35:50-08:00,1,1
projects/projects.js,41,js,2be57fe4,Siddhu-S,2025-11-08,04:35:50,-08:00,2025-11-08T04:35:50-08:00,0,0
projects/projects.js,42,js,2be57fe4,Siddhu-S,2025-11-08,04:35:50,-08:00,2025-11-08T04:35:50-08:00,0,0
projects/projects.js,43,js,2be57fe4,Siddhu-S,2025-11-08,04:35:50,-08:00,2025-11-08T04:35:50-08:00,0,18
projects/projects.js,44,js,2be57fe4,Siddhu-S,2025-11-08,04:35:50,-08:00,2025-11-08T04:35:50-08:00,0,0
projects/projects.js,45,js,2be57fe4,Siddhu-S,2025-11-08,04:35:50,-08:00,2025-11-08T04:35:50-08:00,0,13
projects/projects.js,46,js,2be57fe4,Siddhu-S,2025-11-08,04:35:50,-08:00,2025-11-08T04:35:50-08:00,0,53
projects/projects.js,47,js,2be57fe4,Siddhu-S,2025-11-08,04:35:50,-08:00,2025-11-08T04:35:50-08:00,0,48
projects/projects.js,48,js,2be57fe4,Siddhu-S,2025-11-08,04:35:50,-08:00,2025-11-08T04:35:50-08:00,1,39
projects/projects.js,49,js,2be57fe4,Siddhu-S,2025-11-08,04:35:50,-08:00,2025-11-08T04:35:50-08:00,1,41
projects/projects.js,50,js,2be57fe4,Siddhu-S,2025-11-08,04:35:50,-08:00,2025-11-08T04:35:50-08:00,2,35
projects/projects.js,51,js,2be57fe4,Siddhu-S,2025-11-08,04:35:50,-08:00,2025-11-08T04:35:50-08:00,1,0
projects/projects.js,52,js,2be57fe4,Siddhu-S,2025-11-08,04:35:50,-08:00,2025-11-08T04:35:50-08:00,1,56
projects/projects.js,53,js,2be57fe4,Siddhu-S,2025-11-08,04:35:50,-08:00,2025-11-08T04:35:50-08:00,1,26
projects/projects.js,54,js,76711c7c,Siddhu-S,2025-11-08,04:03:57,-08:00,2025-11-08T04:03:57-08:00,0,1
projects/index.html,1,html,e5551a83,Siddhu-S,2025-10-03,19:07:49,-07:00,2025-10-03T19:07:49-07:00,0,13
projects/index.html,2,html,e5551a83,Siddhu-S,2025-10-03,19:07:49,-07:00,2025-10-03T19:07:49-07:00,0,14
projects/index.html,3,html,e5551a83,Siddhu-S,2025-10-03,19:07:49,-07:00,2025-10-03T19:07:49-07:00,0,4
projects/index.html,4,html,e5551a83,Siddhu-S,2025-10-03,19:07:49,-07:00,2025-10-03T19:07:49-07:00,2,20
projects/index.html,5,html,e5551a83,Siddhu-S,2025-10-03,19:07:49,-07:00,2025-10-03T19:07:49-07:00,2,68
projects/index.html,6,html,e5551a83,Siddhu-S,2025-10-03,19:07:49,-07:00,2025-10-03T19:07:49-07:00,2,21
projects/index.html,7,html,76711c7c,Siddhu-S,2025-11-08,04:03:57,-08:00,2025-11-08T04:03:57-08:00,2,42
projects/index.html,8,html,e5551a83,Siddhu-S,2025-10-03,19:07:49,-07:00,2025-10-03T19:07:49-07:00,0,5
projects/index.html,9,html,e5551a83,Siddhu-S,2025-10-03,19:07:49,-07:00,2025-10-03T19:07:49-07:00,0,4
projects/index.html,10,html,76711c7c,Siddhu-S,2025-11-08,04:03:57,-08:00,2025-11-08T04:03:57-08:00,1,38
projects/index.html,11,html,76711c7c,Siddhu-S,2025-11-08,04:03:57,-08:00,2025-11-08T04:03:57-08:00,1,33
projects/index.html,12,html,2be57fe4,Siddhu-S,2025-11-08,04:35:50,-08:00,2025-11-08T04:35:50-08:00,1,21
projects/index.html,13,html,76711c7c,Siddhu-S,2025-11-08,04:03:57,-08:00,2025-11-08T04:03:57-08:00,2,58
projects/index.html,14,html,76711c7c,Siddhu-S,2025-11-08,04:03:57,-08:00,2025-11-08T04:03:57-08:00,2,22
projects/index.html,15,html,2be57fe4,Siddhu-S,2025-11-08,04:35:50,-08:00,2025-11-08T04:35:50-08:00,1,4
projects/index.html,16,html,2be57fe4,Siddhu-S,2025-11-08,04:35:50,-08:00,2025-11-08T04:35:50-08:00,1,4
projects/index.html,17,html,2be57fe4,Siddhu-S,2025-11-08,04:35:50,-08:00,2025-11-08T04:35:50-08:00,2,15
projects/index.html,18,html,2be57fe4,Siddhu-S,2025-11-08,04:35:50,-08:00,2025-11-08T04:35:50-08:00,2,11
projects/index.html,19,html,2be57fe4,Siddhu-S,2025-11-08,04:35:50,-08:00,2025-11-08T04:35:50-08:00,2,26
projects/index.html,20,html,2be57fe4,Siddhu-S,2025-11-08,04:35:50,-08:00,2025-11-08T04:35:50-08:00,2,31
projects/index.html,21,html,2be57fe4,Siddhu-S,2025-11-08,04:35:50,-08:00,2025-11-08T04:35:50-08:00,1,0
projects/index.html,22,html,76711c7c,Siddhu-S,2025-11-08,04:03:57,-08:00,2025-11-08T04:03:57-08:00,0,47
projects/index.html,23,html,76711c7c,Siddhu-S,2025-11-08,04:03:57,-08:00,2025-11-08T04:03:57-08:00,1,20
projects/index.html,24,html,76711c7c,Siddhu-S,2025-11-08,04:03:57,-08:00,2025-11-08T04:03:57-08:00,1,0
projects/index.html,25,html,76711c7c,Siddhu-S,2025-11-08,04:03:57,-08:00,2025-11-08T04:03:57-08:00,1,20
projects/index.html,26,html,76711c7c,Siddhu-S,2025-11-08,04:03:57,-08:00,2025-11-08T04:03:57-08:00,2,55
projects/index.html,27,html,76711c7c,Siddhu-S,2025-11-08,04:03:57,-08:00,2025-11-08T04:03:57-08:00,2,51
projects/index.html,28,html,76711c7c,Siddhu-S,2025-11-08,04:03:57,-08:00,2025-11-08T04:03:57-08:00,0,0
projects/index.html,29,html,76711c7c,Siddhu-S,2025-11-08,04:03:57,-08:00,2025-11-08T04:03:57-08:00,2,52
projects/index.html,30,html,76711c7c,Siddhu-S,2025-11-08,04:03:57,-08:00,2025-11-08T04:03:57-08:00,2,36
projects/index.html,31,html,76711c7c,Siddhu-S,2025-11-08,04:03:57,-08:00,2025-11-08T04:03:57-08:00,2,56
projects/index.html,32,html,76711c7c,Siddhu-S,2025-11-08,04:03:57,-08:00,2025-11-08T04:03:57-08:00,0,0
projects/index.html,33,html,76711c7c,Siddhu-S,2025-11-08,04:03:57,-08:00,2025-11-08T04:03:57-08:00,2,12
projects/index.html,34,html,76711c7c,Siddhu-S,2025-11-08,04:03:57,-08:00,2025-11-08T04:03:57-08:00,3,48
projects/index.html,35,html,76711c7c,Siddhu-S,2025-11-08,04:03:57,-08:00,2025-11-08T04:03:57-08:00,2,0
projects/index.html,36,html,76711c7c,Siddhu-S,2025-11-08,04:03:57,-08:00,2025-11-08T04:03:57-08:00,1,7
projects/index.html,37,html,76711c7c,Siddhu-S,2025-11-08,04:03:57,-08:00,2025-11-08T04:03:57-08:00,1,4
projects/index.html,38,html,76711c7c,Siddhu-S,2025-11-08,04:03:57,-08:00,2025-11-08T04:03:57-08:00,1,48
projects/index.html,39,html,76711c7c,Siddhu-S,2025-11-08,04:03:57,-08:00,2025-11-08T04:03:57-08:00,0,5
projects/index.html,40,html,e5551a83,Siddhu-S,2025-10-03,19:07:49,-07:00,2025-10-03T19:07:49-07:00,0,5
contact/index.html,1,html,e5551a83,Siddhu-S,2025-10-03,19:07:49,-07:00,2025-10-03T19:07:49-07:00,0,13
contact/index.html,2,html,e5551a83,Siddhu-S,2025-10-03,19:07:49,-07:00,2025-10-03T19:07:49-07:00,0,14
contact/index.html,3,html,e5551a83,Siddhu-S,2025-10-03,19:07:49,-07:00,2025-10-03T19:07:49-07:00,0,4
contact/index.html,4,html,e5551a83,Siddhu-S,2025-10-03,19:07:49,-07:00,2025-10-03T19:07:49-07:00,2,20
contact/index.html,5,html,e5551a83,Siddhu-S,2025-10-03,19:07:49,-07:00,2025-10-03T19:07:49-07:00,2,68
contact/index.html,6,html,e5551a83,Siddhu-S,2025-10-03,19:07:49,-07:00,2025-10-03T19:07:49-07:00,2,20
contact/index.html,7,html,76711c7c,Siddhu-S,2025-11-08,04:03:57,-08:00,2025-11-08T04:03:57-08:00,2,42
contact/index.html,8,html,e5551a83,Siddhu-S,2025-10-03,19:07:49,-07:00,2025-10-03T19:07:49-07:00,0,5
contact/index.html,9,html,e5551a83,Siddhu-S,2025-10-03,19:07:49,-07:00,2025-10-03T19:07:49-07:00,0,4
contact/index.html,10,html,e5551a83,Siddhu-S,2025-10-03,19:07:49,-07:00,2025-10-03T19:07:49-07:00,1,17
contact/index.html,11,html,01d97a34,Siddhu-S,2025-10-03,19:33:33,-07:00,2025-10-03T19:33:33-07:00,1,0
contact/index.html,12,html,01d97a34,Siddhu-S,2025-10-03,19:33:33,-07:00,2025-10-03T19:33:33-07:00,1,76
contact/index.html,13,html,01d97a34,Siddhu-S,2025-10-03,19:33:33,-07:00,2025-10-03T19:33:33-07:00,2,5
contact/index.html,14,html,01d97a34,Siddhu-S,2025-10-03,19:33:33,-07:00,2025-10-03T19:33:33-07:00,3,9
contact/index.html,15,html,01d97a34,Siddhu-S,2025-10-03,19:33:33,-07:00,2025-10-03T19:33:33-07:00,3,40
contact/index.html,16,html,01d97a34,Siddhu-S,2025-10-03,19:33:33,-07:00,2025-10-03T19:33:33-07:00,2,6
contact/index.html,17,html,01d97a34,Siddhu-S,2025-10-03,19:33:33,-07:00,2025-10-03T19:33:33-07:00,0,0
contact/index.html,18,html,01d97a34,Siddhu-S,2025-10-03,19:33:33,-07:00,2025-10-03T19:33:33-07:00,2,5
contact/index.html,19,html,01d97a34,Siddhu-S,2025-10-03,19:33:33,-07:00,2025-10-03T19:33:33-07:00,3,6
contact/index.html,20,html,01d97a34,Siddhu-S,2025-10-03,19:33:33,-07:00,2025-10-03T19:33:33-07:00,3,29
contact/index.html,21,html,01d97a34,Siddhu-S,2025-10-03,19:33:33,-07:00,2025-10-03T19:33:33-07:00,2,6
contact/index.html,22,html,01d97a34,Siddhu-S,2025-10-03,19:33:33,-07:00,2025-10-03T19:33:33-07:00,0,0
contact/index.html,23,html,01d97a34,Siddhu-S,2025-10-03,19:33:33,-07:00,2025-10-03T19:33:33-07:00,2,5
contact/index.html,24,html,01d97a34,Siddhu-S,2025-10-03,19:33:33,-07:00,2025-10-03T19:33:33-07:00,3,6
contact/index.html,25,html,01d97a34,Siddhu-S,2025-10-03,19:33:33,-07:00,2025-10-03T19:33:33-07:00,3,59
contact/index.html,26,html,01d97a34,Siddhu-S,2025-10-03,19:33:33,-07:00,2025-10-03T19:33:33-07:00,2,6
contact/index.html,27,html,01d97a34,Siddhu-S,2025-10-03,19:33:33,-07:00,2025-10-03T19:33:33-07:00,0,0
contact/index.html,28,html,01d97a34,Siddhu-S,2025-10-03,19:33:33,-07:00,2025-10-03T19:33:33-07:00,2,19
contact/index.html,29,html,01d97a34,Siddhu-S,2025-10-03,19:33:33,-07:00,2025-10-03T19:33:33-07:00,1,5
contact/index.html,30,html,76711c7c,Siddhu-S,2025-11-08,04:03:57,-08:00,2025-11-08T04:03:57-08:00,0,48
contact/index.html,31,html,76711c7c,Siddhu-S,2025-11-08,04:03:57,-08:00,2025-11-08T04:03:57-08:00,0,5
contact/index.html,32,html,e5551a83,Siddhu-S,2025-10-03,19:07:49,-07:00,2025-10-03T19:07:49-07:00,0,5
